{
    "camera_matrix_left": [
        [
            1282.970069992805,
            0.0,
            621.7301476487394
        ],
        [
            0.0,
            1281.187821272234,
            497.39167473701355
        ],
        [
            0.0,
            0.0,
            1.0
        ]
    ],
    "distortion_coefficients_left": [
        [
            -0.005382234673139955,
            0.054804977254141754,
            -0.0008534683922805765,
            -0.003165903671281739,
            -0.10848477451098967
        ]
    ],
    "camera_matrix_right": [
        [
            1279.3844487314982,
            0.0,
            612.7232116057869
        ],
        [
            0.0,
            1278.0447509310416,
            499.2666486164877
        ],
        [
            0.0,
            0.0,
            1.0
        ]
    ],
    "distortion_coefficients_right": [
        [
            0.007300642274121563,
            -0.04277308788098485,
            -0.003318609492593331,
            -0.003409738117107292,
            0.06209965443177536
        ]
    ],
    "rotation_matrix": [
        [
            0.9994702158015532,
            0.03090582881156397,
            0.01020379689464125
        ],
        [
            -0.030979395282059254,
            0.9994945773245444,
            0.007132108158752073
        ],
        [
            -0.009978215950494989,
            -0.007444437137924915,
            0.9999225047783177
        ]
    ],
    "translation_vector": [
        [
            -2.7901147659497783
        ],
        [
            0.023433541489375723
        ],
        [
            0.038160030408689725
        ]
    ],
    "essential_matrix": [
        [
            0.0009483497285403251,
            -0.038315192990561714,
            0.023159564037667158
        ],
        [
            0.010299446166255277,
            -0.019591466615454172,
            2.7902879225872557
        ],
        [
            0.06301494144728742,
            -2.789428811701663,
            -0.020138511383964785
        ]
    ],
    "fundamental_matrix": [
        [
            -7.524573774046286e-09,
            3.044304719961284e-07,
            -0.00038249758754166943
        ],
        [
            -8.180545391315223e-08,
            1.5582568996704554e-07,
            -0.028460381765273778
        ],
        [
            -0.0005942197324658086,
            0.028090918033889172,
            1.0
        ]
    ]
}