{
    "camera_matrix_left": [
        [
            1282.970069992805,
            0.0,
            621.7301476487394
        ],
        [
            0.0,
            1281.187821272234,
            497.39167473701355
        ],
        [
            0.0,
            0.0,
            1.0
        ]
    ],
    "distortion_coefficients_left": [
        [
            -0.005382234673139955,
            0.054804977254141754,
            -0.0008534683922805765,
            -0.003165903671281739,
            -0.10848477451098967
        ]
    ],
    "camera_matrix_right": [
        [
            1279.3844487314982,
            0.0,
            612.7232116057869
        ],
        [
            0.0,
            1278.0447509310416,
            499.2666486164877
        ],
        [
            0.0,
            0.0,
            1.0
        ]
    ],
    "distortion_coefficients_right": [
        [
            0.007300642274121563,
            -0.04277308788098485,
            -0.003318609492593331,
            -0.003409738117107292,
            0.06209965443177536
        ]
    ],
    "rotation_matrix": [
        [
            0.999470561401161,
            0.030897352314689378,
            0.010195612408781484
        ],
        [
            -0.03097094644524061,
            0.999494775570184,
            0.007141014227242703
        ],
        [
            -0.009969822903852298,
            -0.007453001264564753,
            0.9999225247004971
        ]
    ],
    "translation_vector": [
        [
            -2.7898830472897833
        ],
        [
            0.023196539949752633
        ],
        [
            0.03844530317263867
        ]
    ],
    "essential_matrix": [
        [
            0.0009594220303496625,
            -0.0385987635078432,
            0.022920204333946127
        ],
        [
            0.010610308841256078,
            -0.019605143802468458,
            2.790058873675203
        ],
        [
            0.06322105963995284,
            -2.7891902418852723,
            -0.02015909746359206
        ]
    ],
    "fundamental_matrix": [
        [
            -7.612191901877318e-09,
            3.0667414097267887e-07,
            -0.00038111534758992804
        ],
        [
            -8.427195585698152e-08,
            1.5592968573220116e-07,
            -0.028455692715551244
        ],
        [
            -0.0005950072270031886,
            0.028086195443517436,
            1.0
        ]
    ],
    "rectification_transform_left": [
        [
            0.9997359859063183,
            0.022686798669802024,
            -0.003642478556901815
        ],
        [
            -0.022673674381712028,
            0.9997364199554243,
            0.0036048723616423756
        ],
        [
            0.0037233014857403473,
            -0.003521332251791438,
            0.9999868685363917
        ]
    ],
    "rectification_transform_right": [
        [
            0.9998705117985509,
            -0.008313443925199265,
            -0.013778471824052951
        ],
        [
            0.008264292207251918,
            0.9999592962925007,
            -0.0036203912109168033
        ],
        [
            0.01380800890848529,
            0.003506053095646979,
            0.999898518091548
        ]
    ],
    "projection_matrix_left": [
        [
            1334.472472368275,
            0.0,
            627.1931915283203,
            0.0
        ],
        [
            0.0,
            1334.472472368275,
            496.4826431274414,
            0.0
        ],
        [
            0.0,
            0.0,
            1.0,
            0.0
        ]
    ],
    "projection_matrix_right": [
        [
            1334.472472368275,
            0.0,
            627.1931915283203,
            -3723.5042776071286
        ],
        [
            0.0,
            1334.472472368275,
            496.4826431274414,
            0.0
        ],
        [
            0.0,
            0.0,
            1.0,
            0.0
        ]
    ],
    "disparity_to_depth_mapping_matrix": [
        [
            1.0,
            0.0,
            0.0,
            -627.1931915283203
        ],
        [
            0.0,
            1.0,
            0.0,
            -496.4826431274414
        ],
        [
            0.0,
            0.0,
            0.0,
            1334.472472368275
        ],
        [
            0.0,
            0.0,
            0.3583915507748147,
            -0.0
        ]
    ]
}