{"left_camera": {"k1": -0.39895412693296883, "k2": 0.19744244659175145, "p1": -0.005401480964167519, "p2": 0.002723915718325129, "k3": -0.0708772023629713}, "right_camera": {"k1": -0.40574728168904906, "k2": 0.24426422976539808, "p1": -0.002550222049348995, "p2": -0.0008929126243664728, "k3": -0.09602108199145196}}