{
    "LeftCamera": {
        "HFov": 26.088696895337144,
        "VFov": 19.606693007721468
    },
    "RightCamera": {
        "HFov": 26.827246594051953,
        "VFov": 20.176084396280256
    }
}