{"Return": 1.8725772883950753, "CameraMatrix1": [[1381.193893605415, 0.0, 964.8240790817478], [0.0, 1388.968115541382, 609.3096069259783], [0.0, 0.0, 1.0]], "DistCoeffs1": [[-0.39895412693117643, 0.19744244665900812, -0.005401480961413176, 0.0027239157141701327, -0.0708772024435889]], "CameraMatrix2": [[1341.8041172911373, 0.0, 981.647449052222], [0.0, 1348.9829356130535, 666.3205083925866], [0.0, 0.0, 1.0]], "DistCoeffs2": [[-0.40574728173251673, 0.24426422970654843, -0.002550222037021234, -0.0008929126515765592, -0.09602108194052418]], "RotationMatrix": [[0.9994945075383606, 0.004929332693642585, -0.031407500375634945], [-0.005356981658298316, 0.9998938908804362, -0.013546576227777775], [0.03133739217233589, 0.013707977939058877, 0.9994148584009843]], "TranslationVector": [[-450.49543384745226], [-5.327311990928797], [-42.99077115517475]], "EssentialMatrix": [[-0.3972448376384946, 42.91318276705197, -5.906572517616494], [-28.85168756211153, 5.963465655047524, 451.58206289014646], [7.7379148511445255, -450.4213720804331, 5.935353181524111]], "FundamentalMatrix": [[1.3645423882301243e-08, -1.465824136583938e-06, 0.0011602080903793724], [9.857860175748687e-07, -2.0261543620775755e-07, -0.02213860239257339], [-0.0010268941134353462, 0.02221818609387192, 0.9999999999999999]]}