{"camera_matrix": [[1341.8041173403192, 0.0, 981.6474489347976], [0.0, 1348.9829356589385, 666.3205084513506], [0.0, 0.0, 1.0]], "distortion_coefficients": [[-0.40574728168904906, 0.24426422976539808, -0.002550222049348995, -0.0008929126243664728, -0.09602108199145196]]}