{"camera_matrix": [[1381.1938936395595, 0.0, 964.8240790572439], [0.0, 1388.9681155763255, 609.3096069465215], [0.0, 0.0, 1.0]], "distortion_coefficients": [[-0.39895412693296883, 0.19744244659175145, -0.005401480964167519, 0.002723915718325129, -0.0708772023629713]]}